cat1,cat2,cat3,cat4,cat5,cat6,cat7,cat8,cat9,cat10,cat11,cat12,cat13,cat14,cat15,cat16,cat17,cat18,cat19,cat20,cat21,cat22,cat23,cat24,cat25,cat26,cat27,cat28,cat29,cat30,cat31,cat32,cat33,cat34,cat35,cat36,cat37,cat38,cat39,cat40,cat41,cat42,cat43,cat44,cat45,cat46,cat47,cat48,cat49,cat50,cat51,cat52,cat53,cat54,cat55,cat56,cat57,cat58,cat59,cat60,cat61,cat62,cat63,cat64,cat65,cat66,cat67,cat68,cat69,cat70,cat71,cat72,cat73,cat74,cat75,cat76,cat77,cat78,cat79,cat80,cat81,cat82,cat83,cat84,cat85,cat86,cat87,cat88,cat89,cat90,cat91,cat92,cat93,cat94,cat95,cat96,cat97,cat98,cat99,cat100,cat101,cat102,cat103,cat104,cat105,cat106,cat107,cat108,cat109,cat110,cat111,cat112,cat113,cat114,cat115,cat116,cont1,cont2,cont3,cont4,cont5,cont6,cont7,cont8,cont9,cont10,cont11,cont12,cont13,cont14
A,B,A,B,A,A,A,A,B,A,B,A,A,A,A,A,A,A,A,A,A,A,B,A,A,A,A,A,A,A,A,A,A,A,A,A,A,A,A,A,A,A,A,A,A,A,A,A,A,A,A,A,A,A,A,A,A,A,A,A,A,A,A,A,A,A,A,A,A,A,A,A,A,A,B,A,D,B,B,D,D,B,D,C,B,D,B,A,A,A,A,A,D,B,C,E,A,C,T,B,G,A,A,I,E,G,J,G,BU,BC,C,AS,S,A,O,LB,0.7263,0.245921,0.187583,0.789639,0.310061,0.718367,0.33506,0.3026,0.67135,0.8351,0.569745,0.594646,0.822493,0.714843
A,B,A,A,A,A,A,A,B,B,A,A,A,A,A,A,A,A,A,A,A,A,A,A,A,A,A,A,A,A,A,A,A,A,A,A,A,A,A,A,A,A,A,A,A,A,A,A,A,A,A,A,A,A,A,A,A,A,A,A,A,A,A,A,A,A,A,A,A,A,A,A,A,A,A,A,D,B,B,D,D,A,B,C,B,D,B,A,A,A,A,A,D,D,C,E,E,D,T,L,F,A,A,E,E,I,K,K,BI,CQ,A,AV,BM,A,O,DP,0.330514,0.737068,0.592681,0.614134,0.885834,0.438917,0.436585,0.60087,0.35127,0.43919,0.338312,0.366307,0.611431,0.304496
A,B,A,A,B,A,A,A,B,B,B,B,B,A,A,A,A,A,A,A,A,A,A,A,A,A,A,A,A,A,A,A,A,A,A,B,A,A,A,A,A,A,A,A,A,A,A,A,A,A,A,A,A,A,A,A,A,A,A,A,A,A,A,A,A,A,A,A,A,A,A,A,A,A,A,A,D,B,B,B,D,B,D,C,B,B,B,A,A,A,A,A,D,D,C,E,E,A,D,L,O,A,B,E,F,H,F,A,AB,DK,A,C,AF,A,I,GK,0.261841,0.358319,0.484196,0.236924,0.397069,0.289648,0.315545,0.2732,0.26076,0.32446,0.381398,0.373424,0.195709,0.774425
B,B,A,B,A,A,A,A,B,A,A,A,A,A,A,A,A,A,A,A,A,A,B,A,A,A,A,A,A,A,A,A,A,A,A,A,A,A,A,A,A,A,A,A,A,A,A,A,A,A,A,A,A,A,A,A,A,A,A,A,A,A,A,A,A,A,A,A,A,A,A,A,B,A,A,A,D,B,B,D,D,D,B,C,B,D,B,A,A,A,A,A,D,D,C,E,E,D,T,I,D,A,A,E,E,I,K,K,BI,CS,C,N,AE,A,O,DJ,0.321594,0.555782,0.527991,0.373816,0.422268,0.440945,0.391128,0.31796,0.32128,0.44467,0.327915,0.32157,0.605077,0.602642
A,B,A,B,A,A,A,A,B,B,A,B,A,A,A,A,A,A,A,A,A,A,B,A,A,A,A,A,A,A,A,A,A,A,A,A,A,A,A,A,A,A,A,A,A,A,A,A,A,A,A,A,A,A,A,A,A,A,A,A,A,A,A,A,A,A,A,A,A,A,A,B,A,A,A,A,D,B,D,B,D,B,B,C,B,B,C,A,A,A,B,H,D,B,D,E,E,A,P,F,J,A,A,D,E,K,G,B,H,C,C,Y,BM,A,K,CK,0.273204,0.15999,0.527991,0.473202,0.704268,0.178193,0.247408,0.24564,0.22089,0.2123,0.204687,0.202213,0.246011,0.432606
A,B,A,A,A,A,A,A,B,A,A,A,A,A,A,A,A,A,A,A,A,A,A,A,A,A,A,A,A,A,A,A,A,A,A,A,A,A,A,A,A,A,A,A,A,A,A,A,A,A,A,A,A,A,A,A,A,A,A,A,A,A,A,A,A,A,A,A,A,A,A,B,A,A,A,A,D,B,D,B,D,B,B,C,B,B,B,A,A,A,A,A,D,D,D,E,C,A,P,J,D,A,A,E,E,H,F,B,BI,CS,A,AS,AE,A,K,DJ,0.54667,0.681761,0.634224,0.373816,0.302678,0.364464,0.401162,0.26847,0.46226,0.50556,0.366788,0.359249,0.345247,0.726792
A,A,A,A,B,A,A,A,A,A,A,A,A,A,A,A,A,A,A,A,A,A,A,A,A,A,A,A,A,A,A,A,A,A,A,B,A,A,A,A,A,A,A,A,A,A,A,A,A,A,A,A,A,A,A,A,A,A,A,A,A,A,A,A,A,A,A,A,A,A,A,B,A,A,B,A,D,B,D,B,C,B,C,A,B,C,B,A,A,A,G,H,D,B,E,E,A,E,R,J,A,A,B,H,D,G,I,F,BI,DT,A,AH,N,A,N,HX,0.625272,0.127059,0.139862,0.50382,0.388783,0.601533,0.618825,0.32317,0.64873,0.71775,0.377724,0.369858,0.684242,0.256475
B,A,A,B,A,B,A,A,A,A,A,A,A,A,A,A,A,A,A,A,A,A,A,A,A,A,B,A,A,A,A,A,A,A,A,A,A,A,A,A,A,A,A,A,A,A,A,A,A,B,A,A,A,A,A,A,A,A,A,A,A,A,A,A,A,A,A,A,A,A,A,A,A,A,A,A,D,B,B,D,D,D,B,A,B,D,B,D,A,A,G,H,D,C,C,E,A,C,T,J,A,A,A,J,F,F,H,G,BI,EG,C,K,AD,C,O,LF,0.8464,0.620805,0.356819,0.705434,0.281143,0.797815,0.422919,0.94403,0.86299,0.8351,0.73986,0.772574,0.810511,0.365083
A,B,B,B,A,A,B,B,B,B,B,B,B,A,A,B,A,A,A,A,A,A,B,B,A,A,A,B,A,A,A,A,A,A,A,A,A,A,A,A,A,A,A,A,A,A,A,A,A,A,A,A,A,A,A,A,B,A,A,A,A,A,A,A,A,B,A,A,A,A,B,B,A,A,A,A,D,B,D,B,D,B,B,C,B,B,B,A,B,B,A,A,C,D,C,E,C,A,D,L,O,C,A,F,I,F,F,D,BI,CS,G,AH,H,A,J,GX,0.372785,0.785784,0.944251,0.383428,0.281143,0.458113,0.862654,0.73247,0.43111,0.36974,0.843548,0.832658,0.236253,0.236756
A,B,A,A,A,A,A,A,B,A,A,A,A,A,A,A,A,A,A,A,A,A,A,A,A,A,A,A,A,A,A,A,A,A,A,A,A,A,A,A,A,A,A,A,A,A,A,A,A,A,A,A,A,A,A,A,A,A,A,A,A,A,A,A,A,A,A,A,A,A,A,A,A,A,A,A,D,B,B,D,D,B,B,C,B,D,B,A,A,A,G,H,D,D,C,E,C,D,T,L,D,A,A,G,E,G,K,K,BI,CO,A,E,AE,A,N,HK,0.458463,0.555782,0.54977,0.327354,0.732367,0.707294,0.566385,0.35533,0.38249,0.74817,0.622276,0.609277,0.731059,0.826299
A,A,A,A,A,B,A,A,A,A,A,A,A,A,A,A,A,A,A,A,A,A,A,A,A,A,A,A,A,A,A,A,A,A,A,A,A,A,A,A,A,A,A,A,A,A,A,A,A,B,A,A,A,A,A,A,A,A,A,A,A,A,A,A,A,A,A,A,A,A,A,B,A,A,A,A,D,B,B,D,D,B,C,A,B,D,B,D,A,A,A,A,D,D,C,E,E,C,T,K,A,A,A,H,F,H,H,G,BI,EL,A,AW,Y,C,P,GE,0.676593,0.785784,0.201309,0.50382,0.674529,0.48977,0.478205,0.48864,0.7628,0.42828,0.480509,0.469884,0.654753,0.837951
A,A,A,A,B,A,A,A,A,A,A,A,A,A,A,A,A,A,A,A,A,A,A,A,A,A,A,A,A,A,A,A,A,A,A,A,A,A,A,B,B,A,B,A,B,A,A,A,A,A,A,A,A,A,A,A,A,A,A,A,A,A,A,A,A,A,A,A,A,A,A,A,A,A,A,A,D,B,D,B,D,A,A,C,B,B,B,A,A,A,A,A,C,D,D,E,C,A,P,H,A,A,E,E,E,H,F,B,BI,BT,A,AP,X,A,J,DP,0.496063,0.827585,0.54977,0.948643,0.422268,0.379574,0.385034,0.68308,0.40455,0.47779,0.359572,0.352251,0.307181,0.357584
A,B,A,A,A,A,A,A,B,B,B,B,A,A,A,A,A,A,A,A,A,A,A,A,A,A,A,A,A,A,A,A,A,A,A,A,A,A,A,A,A,A,A,A,A,A,A,A,A,A,A,A,A,A,A,A,A,A,A,A,A,A,A,A,A,A,A,A,A,A,A,B,A,A,B,A,D,B,B,D,D,B,B,C,B,B,B,A,A,A,A,A,D,D,D,E,C,A,P,H,M,A,A,E,E,H,F,B,BI,CS,A,G,AE,A,K,DJ,0.503312,0.488789,0.57136,0.373816,0.310061,0.337155,0.340247,0.26847,0.41471,0.44467,0.341813,0.335036,0.318646,0.206276
A,A,A,B,A,B,A,A,A,A,A,A,A,A,A,A,A,A,A,A,A,A,A,A,B,A,A,A,A,A,A,A,A,A,A,A,A,A,A,A,A,A,A,A,A,A,A,A,A,A,A,A,B,A,A,A,A,A,A,A,A,A,A,A,A,A,A,A,A,A,A,A,A,A,A,A,D,B,B,D,D,B,B,C,B,B,B,A,A,A,A,A,D,D,D,E,C,A,P,I,A,A,A,E,F,H,F,B,BI,CS,C,E,AE,C,K,DJ,0.54667,0.785784,0.634224,0.373816,0.310061,0.360931,0.413194,0.26847,0.46226,0.50556,0.366788,0.359249,0.345247,0.801622
A,B,A,A,A,A,A,A,B,B,B,B,B,A,A,A,A,A,A,A,A,A,A,A,A,A,A,A,A,A,A,A,A,A,A,A,A,A,A,A,A,A,A,A,A,A,A,A,A,A,A,A,A,A,A,A,A,A,A,A,A,A,A,A,A,A,A,A,A,A,A,B,A,A,A,A,D,B,B,B,B,B,B,C,B,B,B,A,A,A,A,A,C,D,D,E,C,A,P,L,Q,A,A,F,F,F,G,D,BI,EG,A,AF,H,A,J,GS,0.324129,0.620805,0.692825,0.284048,0.281143,0.464543,0.73751,0.7133,0.43111,0.43919,0.569745,0.55738,0.282249,0.21506
A,B,A,A,A,A,A,A,B,A,A,A,A,A,A,A,A,A,A,A,A,A,A,A,A,A,A,A,A,A,A,A,A,A,A,A,A,A,A,A,A,A,A,A,A,A,A,A,A,A,A,A,A,A,A,A,A,A,A,A,A,A,A,A,A,A,A,A,A,A,A,B,A,A,A,A,D,B,B,D,D,B,B,C,B,D,B,A,A,A,A,A,D,D,C,E,A,D,T,G,C,A,A,K,E,E,K,K,BI,EB,A,U,Y,A,Q,LO,0.71225,0.620805,0.26357,0.62377,0.551723,0.9203,0.641751,0.65122,0.64296,0.79863,0.797841,0.785706,0.870644,0.29791
A,B,A,A,B,A,A,A,B,A,A,B,B,A,A,A,A,A,A,A,A,A,A,A,A,A,A,A,A,A,A,A,A,A,A,B,A,A,A,A,A,A,A,A,A,A,A,A,A,A,A,A,A,A,A,A,A,A,A,A,A,A,A,A,A,A,A,A,A,A,A,B,B,A,A,A,D,B,B,D,B,B,B,C,B,B,B,A,A,A,A,A,D,D,D,E,E,A,P,G,I,A,B,D,D,I,H,B,BI,AC,A,AI,BN,A,L,CR,0.254071,0.422197,0.298977,0.336414,0.482436,0.288198,0.330458,0.2926,0.24958,0.27777,0.180456,0.178698,0.30435,0.350221
A,A,A,A,B,A,A,A,A,A,A,A,A,A,A,A,A,A,A,A,A,A,A,A,A,A,A,A,A,A,A,A,A,A,A,A,B,A,A,A,A,A,A,A,A,A,A,A,A,A,A,A,A,A,A,A,A,A,A,A,A,A,A,A,A,A,A,A,A,A,B,A,A,A,B,A,D,B,B,D,D,D,B,C,B,D,B,D,A,A,B,H,D,B,C,B,G,C,T,F,A,A,B,O,D,E,G,G,BI,EL,A,Y,Y,A,P,KB,0.960283,0.15999,0.041833,0.54456,0.491114,0.903429,0.517419,0.45883,0.97621,0.8351,0.511698,0.576121,0.867611,0.433522
B,A,A,A,A,A,A,A,A,A,A,A,A,A,A,A,A,A,A,A,A,A,A,A,A,A,A,A,A,A,A,A,A,A,A,A,A,A,A,A,A,A,A,A,A,A,A,A,A,A,A,A,A,A,A,A,A,A,A,A,A,A,A,A,A,A,A,A,A,A,A,B,A,A,A,A,D,B,D,B,D,C,B,A,C,B,C,A,A,A,G,H,D,D,D,D,G,A,P,O,A,A,A,I,F,E,D,D,BI,BT,A,D,AO,A,I,KX,0.805726,0.555782,0.201309,0.327354,0.405415,0.680324,0.842588,0.2501,0.61751,0.7877,0.603774,0.590961,0.372852,0.693172
A,A,A,A,A,B,A,A,A,A,A,A,A,A,A,A,A,A,A,A,A,A,A,A,A,A,A,A,A,A,A,A,A,A,A,A,A,A,A,A,A,A,A,A,A,A,A,A,B,B,B,B,A,A,A,A,A,A,A,A,A,A,A,A,A,A,A,A,A,A,A,B,A,A,A,B,D,B,D,B,D,B,B,C,B,B,B,A,A,A,A,A,D,D,D,E,E,A,P,K,A,A,A,D,E,K,H,B,BI,CO,A,O,X,R,M,CR,0.284869,0.785784,0.54977,0.886774,0.422268,0.219274,0.31005,0.64027,0.31763,0.26029,0.24541,0.241676,0.363547,0.481998
A,B,A,B,B,A,A,A,B,B,B,B,B,A,A,A,A,A,A,A,A,A,B,A,A,A,A,A,A,A,A,A,A,A,A,B,A,A,A,A,A,A,A,A,A,A,A,A,A,A,A,A,A,A,A,A,A,A,A,A,A,A,A,A,A,A,A,A,A,A,A,A,A,A,A,A,D,B,B,B,D,C,B,D,B,D,B,A,A,A,A,A,D,D,C,E,G,D,T,H,O,A,B,K,E,E,K,E,BI,EB,C,E,AO,A,Q,LO,0.734295,0.620805,0.26357,0.309621,0.281143,0.927647,0.900979,0.28768,0.64296,0.79863,0.797841,0.785706,0.886284,0.804596
A,B,A,A,A,A,A,A,B,A,A,A,A,A,A,A,A,A,A,A,A,A,A,A,A,A,A,A,A,A,A,A,A,A,A,A,A,A,A,A,A,A,A,A,A,A,A,A,A,A,A,A,A,A,A,A,A,A,A,A,A,A,A,A,A,A,A,A,A,A,A,B,A,A,A,A,D,B,B,D,D,B,B,A,B,D,B,D,A,A,G,H,D,B,C,E,A,C,T,J,C,A,A,K,F,F,H,G,BI,EG,A,AH,AD,A,O,LM,0.894333,0.15999,0.230975,0.696873,0.281143,0.767863,0.513006,0.74629,0.93383,0.7877,0.757468,0.74464,0.81255,0.237601
A,B,A,A,B,A,A,B,B,A,A,B,A,B,A,A,A,A,A,A,A,A,A,A,A,A,A,A,A,A,A,A,A,A,A,B,B,B,B,A,A,A,A,B,A,A,A,A,A,A,A,A,A,A,A,A,A,A,A,A,A,A,A,A,A,B,A,A,A,A,A,A,A,A,B,B,D,B,B,B,B,B,B,C,B,B,D,A,A,A,B,H,D,B,D,E,A,A,P,F,J,B,F,H,F,G,E,B,AB,CL,A,Y,BC,A,I,HX,0.606064,0.488789,0.215772,0.775744,0.281143,0.433999,0.433068,0.46477,0.46853,0.56627,0.453334,0.443374,0.282249,0.433976
A,B,A,A,A,A,A,A,B,B,A,B,A,A,A,A,A,A,A,A,A,A,A,A,A,A,A,A,A,A,A,A,A,A,A,A,A,A,A,A,A,A,A,A,A,A,A,A,A,A,A,A,A,A,A,A,A,A,A,A,A,A,A,A,A,A,A,A,A,A,A,A,A,A,B,A,D,B,B,D,D,B,B,C,B,B,B,A,A,A,A,A,D,D,D,E,C,A,P,L,J,A,A,E,F,H,G,B,BI,BT,A,E,A,A,L,DJ,0.393339,0.488789,0.819748,0.259793,0.281143,0.371851,0.554592,0.31796,0.35897,0.32935,0.472726,0.462286,0.321548,0.810995
A,B,A,A,B,A,A,A,A,A,A,A,B,A,A,A,A,A,A,A,A,A,A,A,A,A,A,A,A,A,A,A,A,A,A,B,B,B,B,A,A,B,A,A,A,A,A,A,A,A,A,A,A,A,A,A,A,A,A,A,A,A,A,A,A,A,A,A,A,A,A,A,A,A,B,A,D,B,B,D,B,B,B,C,B,D,B,D,A,A,B,H,D,B,C,E,A,C,T,F,C,A,F,I,E,G,J,G,BU,DW,A,J,S,A,O,LB,0.7263,0.422197,0.174588,0.789639,0.310061,0.728484,0.41475,0.3026,0.67135,0.8351,0.569745,0.576121,0.833874,0.37887
A,A,A,A,A,B,A,A,A,A,A,A,A,A,A,A,A,A,A,A,A,A,A,A,A,A,A,A,A,A,A,A,A,A,A,A,A,A,A,A,A,A,A,A,A,A,A,A,A,B,A,A,A,A,A,A,A,A,A,A,A,A,A,A,A,A,A,A,A,A,A,A,A,A,A,A,D,B,B,D,D,B,A,C,B,D,B,A,A,A,A,A,D,D,C,E,C,D,T,K,A,A,A,J,G,E,J,E,BI,AC,A,U,H,C,N,LF,0.503312,0.555782,0.61366,0.364302,0.348388,0.818231,0.881302,0.53046,0.573,0.6852,0.895938,0.887214,0.706822,0.294853
A,B,A,A,B,A,A,B,B,B,A,A,B,A,A,A,A,A,A,A,A,A,A,A,A,A,A,A,A,A,A,A,A,A,A,B,A,A,A,B,B,A,A,A,A,A,A,A,A,A,A,A,A,A,A,A,A,A,A,A,A,A,A,A,A,B,A,A,A,A,A,A,A,A,A,A,D,B,D,B,D,A,D,C,B,D,B,A,A,A,A,A,D,B,C,E,C,D,T,J,J,B,D,G,F,I,L,K,BI,EL,A,J,BM,A,R,HJ,0.330514,0.100099,0.26357,0.432728,0.602545,0.422481,0.430597,0.48864,0.36285,0.20496,0.388786,0.40609,0.678452,0.387524
A,B,B,B,B,A,A,B,B,B,A,B,A,A,A,A,A,A,B,A,A,A,B,A,B,A,A,A,A,A,A,A,A,A,A,A,A,A,A,B,A,A,A,A,A,A,A,A,A,A,A,A,A,A,A,A,A,A,A,A,A,A,A,A,B,A,A,A,A,A,A,B,A,A,A,A,D,B,D,B,B,B,B,C,B,B,B,A,A,B,B,H,D,D,D,E,D,A,P,F,J,B,B,C,E,M,I,B,BI,DW,E,AS,BM,A,M,BY,0.222528,0.681761,0.57136,0.373816,0.899152,0.16003,0.238818,0.76398,0.27393,0.20496,0.160614,0.159414,0.327393,0.729232
A,B,B,B,A,A,A,A,B,B,A,B,A,A,A,B,A,A,A,A,A,A,B,A,A,A,A,A,A,A,A,A,A,A,A,A,A,A,A,A,A,A,A,A,A,A,A,A,A,A,A,A,A,A,A,A,A,A,A,A,A,A,A,A,A,A,A,A,A,A,A,B,A,A,A,A,D,B,D,D,D,B,D,C,B,B,B,A,A,B,A,A,D,C,E,E,E,A,S,L,I,A,A,D,E,I,J,I,AB,CS,C,AS,L,A,N,DC,0.299256,0.620805,0.506105,0.844287,0.388783,0.344288,0.376887,0.95332,0.33051,0.3148,0.272329,0.267742,0.48667,0.721935
A,A,A,A,B,A,A,A,A,A,A,A,A,A,A,A,A,A,A,A,A,A,A,A,A,A,A,A,A,A,A,A,A,A,A,A,B,B,A,A,A,A,A,B,A,A,A,A,A,A,A,A,A,A,A,A,A,A,A,A,A,A,A,A,A,A,A,A,A,A,A,B,A,A,A,A,D,B,B,B,B,B,B,A,B,B,B,A,A,A,G,H,D,B,D,E,C,A,P,N,A,A,D,D,D,H,E,B,BQ,U,A,E,BM,A,J,DC,0.465671,0.199504,0.336963,0.483397,0.689594,0.303881,0.356898,0.36083,0.36091,0.36458,0.225753,0.222634,0.26115,0.823361
B,B,A,A,A,A,A,A,B,A,A,A,A,A,A,A,A,A,A,A,A,A,A,A,A,A,A,A,A,A,A,A,A,A,A,A,A,A,A,A,A,A,A,A,A,A,A,A,A,A,A,A,A,A,A,A,A,A,A,A,A,A,A,A,A,A,A,A,A,A,A,A,B,A,A,A,D,B,B,D,D,A,B,C,B,B,B,A,A,A,A,A,C,D,D,E,C,A,P,I,C,A,A,E,E,H,F,B,BI,CS,A,J,BM,A,K,DP,0.475784,0.785784,0.592681,0.614134,0.78323,0.3735,0.381883,0.36083,0.44352,0.45017,0.338312,0.366307,0.339244,0.38346
A,B,A,A,A,A,A,A,A,A,A,A,B,A,A,A,A,A,A,A,A,A,A,A,A,A,A,A,A,A,A,A,A,A,A,A,A,A,A,A,A,A,A,A,A,A,A,A,A,A,A,A,A,A,A,A,A,A,A,A,A,A,A,A,A,A,A,A,A,A,A,A,A,A,A,A,D,B,C,D,C,C,B,A,B,D,B,D,A,A,G,H,C,B,C,E,E,C,T,F,C,A,A,H,D,G,G,G,BU,BC,A,AB,S,A,O,IC,0.802988,0.199504,0.120071,0.642745,0.594196,0.623854,0.406747,0.67263,0.83037,0.44467,0.359572,0.352251,0.611431,0.591659
B,B,A,B,A,A,A,A,B,A,A,A,A,A,A,A,A,A,A,A,A,A,B,B,A,A,A,A,A,A,A,A,A,A,A,A,A,A,A,A,A,A,A,A,A,A,A,A,A,A,A,A,A,A,A,A,A,A,A,A,A,A,A,A,A,A,A,A,A,A,A,B,B,A,A,A,D,B,B,D,D,B,B,C,B,B,B,A,A,A,A,A,D,B,D,E,E,A,P,I,D,A,A,D,E,K,H,B,AB,C,E,AU,BM,A,M,CK,0.325401,0.422197,0.592681,0.473202,0.758711,0.201125,0.262345,0.24564,0.30859,0.21983,0.199654,0.214808,0.351299,0.20375
B,A,A,B,A,A,A,A,A,A,A,A,A,A,A,A,A,A,A,A,A,A,B,A,B,A,A,A,A,A,A,A,A,A,A,A,A,A,A,A,A,A,A,A,A,A,A,A,A,A,A,A,A,A,A,A,A,A,A,A,A,A,A,A,A,A,A,A,A,A,A,A,B,A,A,A,D,B,B,D,B,B,D,C,B,D,B,A,A,A,A,A,D,C,C,E,E,D,T,K,A,A,A,G,E,H,J,K,BI,CL,E,E,L,A,O,HJ,0.470002,0.555782,0.230975,0.652072,0.388783,0.527375,0.443029,0.93875,0.5105,0.43373,0.396226,0.387819,0.633362,0.801477
A,A,A,B,A,B,A,A,A,A,A,A,A,A,A,A,A,A,A,A,A,A,A,A,A,A,B,A,A,A,A,A,A,A,A,A,A,A,A,A,A,A,A,A,A,A,A,A,A,B,A,A,A,A,A,A,A,A,A,A,A,A,A,A,A,A,A,A,A,A,A,A,A,A,B,A,D,B,B,D,D,B,B,C,B,D,B,A,A,A,B,H,D,D,C,E,C,D,T,F,A,A,A,G,E,F,J,K,BI,CO,C,N,AJ,C,O,HV,0.438385,0.555782,0.280933,0.364302,0.348388,0.715742,0.598539,0.34987,0.44767,0.53881,0.4922,0.481306,0.654753,0.598769
A,B,A,B,B,A,A,A,B,A,A,B,A,A,A,A,A,A,A,A,A,A,B,A,A,A,A,A,A,A,A,A,A,A,A,B,A,A,A,A,A,A,A,A,A,A,A,A,A,A,A,A,A,A,A,A,A,A,A,A,A,A,A,A,A,A,A,A,A,A,A,A,A,A,A,A,D,B,D,B,D,B,B,C,B,B,C,A,A,A,B,H,C,D,D,E,E,A,P,F,G,A,B,D,E,J,G,B,BI,EG,C,E,AE,A,K,CK,0.305371,0.620805,0.711159,0.412789,0.302678,0.220282,0.314608,0.27797,0.38249,0.31003,0.24541,0.241676,0.298734,0.811616
A,A,A,A,B,A,A,A,A,A,A,A,A,A,A,A,A,A,A,A,A,A,A,A,A,A,A,A,A,A,A,A,A,A,A,B,A,A,A,A,A,A,A,A,A,A,A,A,A,A,A,A,A,A,A,A,A,A,A,A,A,A,A,A,A,A,A,A,A,A,A,B,A,A,A,A,D,B,B,D,D,B,B,C,B,B,B,A,A,A,A,A,C,D,D,E,C,A,P,B,A,A,B,E,F,H,F,B,BI,CS,A,AF,AE,A,K,DJ,0.54667,0.785784,0.634224,0.373816,0.310061,0.360931,0.413194,0.26847,0.46226,0.50556,0.366788,0.359249,0.345247,0.214803
A,B,A,A,A,A,A,A,A,B,A,B,A,A,A,A,A,A,A,A,A,A,A,A,A,A,A,A,A,A,A,A,A,A,A,A,A,A,A,A,A,A,A,A,A,A,A,A,A,A,A,A,A,A,A,A,A,A,A,A,A,A,A,A,A,A,A,A,A,A,A,A,A,A,A,A,D,B,B,D,D,B,B,C,B,B,B,A,A,A,A,A,D,B,D,E,C,A,P,L,G,A,A,D,E,H,F,B,AB,C,A,J,K,A,K,DC,0.493164,0.358319,0.462347,0.83324,0.281143,0.331398,0.361715,0.566,0.39648,0.32935,0.24541,0.255941,0.295948,0.38026
B,A,A,B,A,B,A,A,A,A,A,A,A,A,A,A,A,A,A,A,A,A,A,A,A,A,B,A,A,A,A,A,A,A,A,A,A,A,A,A,A,A,A,A,A,A,A,A,A,B,A,A,A,A,A,A,A,A,A,A,A,A,A,A,A,A,A,A,A,A,A,A,A,A,A,A,D,B,B,D,D,B,B,C,B,B,B,A,A,A,A,A,D,D,D,E,C,A,P,A,A,A,A,G,H,F,F,D,BI,CL,C,AK,A,C,J,HK,0.566704,0.737068,0.745801,0.229617,0.281143,0.505351,0.721245,0.33906,0.44352,0.57716,0.742852,0.729856,0.318646,0.462731
B,A,A,B,A,B,A,A,A,A,A,A,A,A,A,A,A,A,A,A,A,A,A,A,A,A,B,A,A,A,A,A,A,A,A,A,A,A,A,A,A,A,A,A,A,A,A,A,B,A,A,A,A,B,A,A,A,A,A,A,A,A,A,A,A,A,A,A,A,A,A,B,A,A,A,A,D,B,B,D,D,B,D,C,B,B,B,A,A,A,A,A,D,D,E,E,E,A,S,A,A,A,A,E,E,J,K,I,AB,CO,C,J,N,F,O,DJ,0.21854,0.620805,0.397983,0.52423,0.281143,0.322085,0.308469,0.34987,0.31945,0.22755,0.275431,0.270746,0.503333,0.389944
A,A,A,B,A,A,A,A,A,A,A,A,A,A,A,A,A,A,A,A,A,A,B,A,B,B,B,A,B,B,A,A,A,A,A,A,A,A,A,A,A,A,A,A,A,A,A,A,A,A,A,A,A,A,A,A,A,A,A,A,A,A,A,A,A,A,A,A,A,A,A,B,A,A,A,A,D,B,D,B,B,B,B,C,B,D,B,D,A,A,A,A,D,D,C,E,A,C,T,B,A,A,A,G,F,F,I,G,BI,CO,M,AH,AE,A,N,HK,0.715803,0.488789,0.61366,0.327354,0.826714,0.719318,0.547511,0.38318,0.69854,0.76052,0.661688,0.648446,0.728429,0.233455
A,A,A,A,A,B,A,A,A,A,A,A,A,A,A,A,A,A,A,A,A,A,A,A,A,A,A,A,A,A,A,A,A,A,A,A,A,A,A,A,A,A,A,A,A,A,A,A,A,B,A,B,A,A,A,A,A,A,A,A,A,A,A,A,A,A,A,A,A,A,A,A,B,A,B,A,D,B,B,D,D,B,B,C,B,D,B,A,A,A,A,A,D,C,C,E,C,D,T,K,A,A,A,E,D,I,J,K,BI,U,A,J,BM,J,O,DJ,0.40726,0.199504,0.440642,0.534409,0.281143,0.436312,0.44376,0.6984,0.39447,0.43919,0.291268,0.286079,0.605077,0.38346
A,B,A,A,A,A,A,A,B,B,A,B,A,A,A,A,A,A,A,A,A,A,A,A,A,A,A,A,A,A,A,A,A,A,A,A,A,A,A,A,A,A,A,A,A,A,A,A,A,A,A,A,A,A,A,A,A,A,A,A,A,A,A,A,A,A,A,A,A,A,B,B,A,A,A,A,D,B,D,D,D,B,B,C,B,D,B,D,A,A,A,A,D,B,C,B,G,C,T,L,J,A,A,O,D,E,G,G,BI,EL,A,C,Y,A,P,KB,0.960283,0.199504,0.049453,0.54456,0.491114,0.902087,0.524809,0.45883,0.97621,0.8351,0.511698,0.630853,0.872138,0.245034
A,B,A,B,A,A,A,A,B,A,B,A,A,A,A,A,A,A,A,A,A,A,B,A,A,A,A,A,A,A,A,A,A,A,A,A,A,A,A,A,A,A,A,A,A,A,A,A,A,A,A,A,A,A,A,A,A,A,A,A,A,A,A,A,A,A,A,A,A,A,A,B,A,A,A,A,D,B,B,D,D,B,D,C,B,B,B,A,A,A,A,A,D,D,D,E,C,A,P,J,G,A,A,F,F,G,F,B,BI,CH,C,V,BM,A,K,GS,0.514906,0.15999,0.54977,0.383428,0.777274,0.420187,0.484365,0.54236,0.39849,0.45017,0.430255,0.481306,0.327393,0.392516
B,A,A,A,B,A,A,A,A,A,A,A,A,A,A,A,A,A,A,A,A,A,A,A,A,A,A,A,A,A,A,A,A,A,A,A,B,A,A,A,A,A,A,A,A,A,A,A,A,A,A,A,A,A,A,A,A,A,A,A,A,A,A,A,A,A,A,A,A,A,A,A,A,A,A,A,D,B,A,D,D,B,B,C,B,D,B,A,A,A,B,H,C,B,C,E,A,C,T,F,A,A,B,I,E,F,H,G,BI,EB,A,AS,Y,A,O,KW,0.828247,0.358319,0.201309,0.614134,0.473767,0.820147,0.460016,0.90055,0.84847,0.80218,0.550529,0.590961,0.79576,0.709659
A,A,A,A,B,B,A,A,A,A,A,A,A,A,A,A,A,A,A,A,A,A,A,A,A,A,A,A,A,A,A,A,A,A,A,A,B,A,A,A,A,A,A,A,A,A,A,A,A,A,A,B,A,A,A,A,A,A,A,A,A,A,A,A,A,A,A,A,A,A,A,B,A,A,A,A,D,B,D,B,D,B,B,C,B,B,B,A,A,A,A,A,D,D,D,E,C,A,P,H,A,A,B,G,H,G,F,D,BI,CL,A,C,AN,E,K,HK,0.503312,0.620805,0.711159,0.229617,0.281143,0.463958,0.692003,0.37194,0.44352,0.45017,0.718299,0.705111,0.315758,0.772487
A,A,A,A,B,A,A,A,A,A,A,A,A,A,A,A,A,A,A,A,A,A,A,A,A,A,A,A,A,A,A,A,A,A,A,B,A,A,A,A,A,A,A,A,A,A,A,A,A,A,A,A,A,A,A,A,A,A,A,A,A,A,A,A,A,A,A,A,A,A,A,A,A,A,A,A,D,B,B,D,D,D,B,A,B,B,B,A,A,A,G,H,D,D,D,E,E,A,P,F,A,A,B,D,E,J,G,B,BI,EG,A,AS,BM,A,L,CK,0.347403,0.785784,0.61366,0.473202,0.939556,0.242437,0.289949,0.24564,0.30859,0.32935,0.223038,0.220003,0.333292,0.72852
B,A,A,A,B,A,A,A,A,A,A,A,A,A,A,A,A,A,A,A,A,A,A,A,A,A,A,A,A,A,A,A,A,A,A,B,A,B,A,A,A,A,A,A,A,A,A,A,A,A,A,A,A,A,A,A,A,A,A,A,A,A,A,A,A,A,A,A,A,A,A,A,B,A,A,A,D,B,B,D,B,B,B,C,B,C,B,A,A,A,B,A,D,D,E,E,G,E,R,I,A,A,C,G,F,G,I,F,BI,BP,A,N,BM,A,N,HG,0.629339,0.488789,0.54977,0.554673,0.82168,0.625784,0.449493,0.61229,0.64873,0.74396,0.569745,0.55738,0.689974,0.599719
A,B,A,A,A,B,A,A,B,A,A,A,A,A,A,A,A,A,A,A,A,A,A,A,A,A,A,A,A,A,A,A,A,A,A,A,A,A,A,A,A,A,A,A,A,A,A,A,A,B,A,A,A,A,A,A,A,A,A,A,A,A,A,A,A,A,A,A,A,A,A,A,B,A,B,A,D,B,B,D,D,B,B,C,B,D,B,D,A,A,C,A,D,C,C,E,A,C,T,M,C,A,A,K,F,F,I,G,BI,BC,A,AN,AX,C,P,LW,0.87356,0.488789,0.230975,0.463029,0.281143,0.833936,0.521485,0.66734,0.91183,0.79863,0.81013,0.798279,0.861364,0.283752
A,B,A,B,A,A,A,A,A,A,B,B,A,A,A,A,A,A,A,A,A,A,B,B,A,A,A,B,A,A,A,A,A,A,A,A,A,A,A,A,A,A,A,A,A,A,A,A,A,A,A,A,A,A,A,A,A,A,A,A,A,A,A,A,A,A,A,A,A,A,A,B,B,A,A,A,D,B,B,B,D,B,B,C,B,B,B,A,A,A,A,A,D,D,D,E,E,A,P,I,F,A,A,E,F,J,G,B,BI,EL,G,K,AK,A,K,DK,0.325401,0.785784,0.592681,0.215482,0.317541,0.241359,0.308153,0.34445,0.34365,0.35434,0.352419,0.345316,0.327393,0.37491
A,A,A,A,B,A,A,A,A,A,A,A,A,A,A,A,A,A,A,A,A,A,A,A,A,A,A,A,A,A,A,A,A,A,A,A,A,A,A,A,A,A,A,B,A,A,A,A,A,A,A,A,A,A,A,A,A,A,A,A,A,A,A,A,A,A,A,A,A,A,A,A,A,A,A,A,D,B,B,D,D,B,B,C,B,B,B,A,A,A,A,A,D,D,D,E,C,A,P,G,A,A,B,G,H,F,G,D,BI,BT,A,I,AG,A,L,HK,0.444104,0.555782,0.844219,0.208655,0.288217,0.500353,0.695463,0.31796,0.5042,0.34928,0.812519,0.800726,0.336261,0.289708
B,A,A,A,B,B,A,A,A,A,A,A,A,A,A,A,A,A,A,A,A,A,A,A,A,A,A,A,A,A,A,A,A,A,A,A,A,A,A,A,A,A,B,A,A,A,A,A,A,B,A,A,A,A,A,A,A,A,A,A,A,A,A,A,A,A,A,A,A,A,A,A,A,A,A,A,D,B,B,D,D,B,B,C,B,D,B,A,A,A,A,A,D,B,C,E,C,D,T,J,A,A,B,G,E,H,K,K,K,AI,A,AP,AW,C,R,HK,0.362003,0.299102,0.280933,0.345595,0.594196,0.538791,0.63448,0.29758,0.40252,0.2123,0.441763,0.443374,0.654753,0.35684
B,A,A,A,B,B,A,A,A,A,A,A,A,A,A,A,A,A,A,A,A,A,A,A,A,A,A,A,A,A,A,A,A,A,A,A,A,B,B,A,A,A,A,A,A,A,A,A,A,B,A,A,A,A,A,A,A,A,A,A,A,A,A,A,A,A,A,A,A,A,A,A,B,A,A,A,D,B,B,D,D,B,B,C,B,B,B,A,A,A,A,A,D,D,D,E,C,A,P,I,A,A,C,G,H,G,F,B,BI,BT,A,AT,AX,C,K,HK,0.538034,0.422197,0.673861,0.432728,0.517162,0.425353,0.540533,0.3128,0.4832,0.45017,0.695685,0.682413,0.351299,0.765366
B,A,A,B,A,A,A,A,A,A,A,A,A,A,A,A,A,A,A,A,A,A,A,A,A,A,B,A,A,A,A,A,A,A,A,A,A,A,A,A,A,A,A,A,A,A,A,A,A,A,A,A,A,A,A,A,A,A,A,A,A,A,A,A,A,A,A,A,A,A,A,A,B,A,B,A,D,B,B,D,D,B,B,C,B,B,B,A,A,A,A,A,D,B,D,E,C,A,P,I,A,A,A,D,E,I,F,B,K,EL,C,U,AE,A,J,DC,0.424162,0.078346,0.317666,0.259793,0.302678,0.26952,0.35502,0.26847,0.39447,0.36458,0.217678,0.214808,0.26115,0.301688
B,A,A,A,B,A,A,A,A,A,A,A,A,A,A,A,A,A,A,A,A,A,A,A,A,A,A,A,A,A,A,A,A,A,A,B,A,B,A,A,A,A,A,A,A,A,A,A,A,A,A,A,A,A,A,A,A,A,A,A,A,A,A,A,A,A,A,A,A,A,A,A,A,A,A,A,D,B,B,D,B,B,B,A,B,D,B,D,A,A,G,H,D,D,C,D,A,C,T,F,A,A,C,K,F,F,G,G,BI,CL,A,AL,L,A,O,LN,0.906291,0.785784,0.336963,0.761209,0.372405,0.841136,0.599487,0.97973,0.93383,0.8351,0.832976,0.832658,0.810511,0.69802
A,B,A,A,B,A,A,A,B,A,A,B,B,A,A,A,A,A,A,A,A,A,A,A,A,A,A,A,A,A,A,A,A,A,A,B,A,A,A,A,A,A,A,A,A,A,A,A,A,A,A,A,A,A,A,A,A,A,A,A,A,A,A,A,A,A,A,A,A,A,A,B,A,A,A,A,D,B,B,D,D,B,B,C,B,D,B,A,A,A,A,A,D,D,C,E,C,D,T,J,J,A,B,H,E,G,K,K,BI,EB,A,U,Y,A,Q,GE,0.536592,0.555782,0.215772,0.50382,0.543117,0.745129,0.549344,0.56011,0.53565,0.56081,0.480509,0.481306,0.789182,0.295305
B,A,A,A,B,A,A,A,A,A,A,A,A,A,A,A,A,A,A,A,A,A,A,A,A,A,A,A,A,A,A,A,A,A,A,A,A,B,A,A,A,A,A,A,A,A,A,A,A,A,A,A,A,A,A,A,A,A,A,A,A,A,A,A,A,A,A,A,A,A,B,A,A,A,A,A,D,B,B,D,D,B,C,A,B,D,B,D,A,A,G,H,D,B,C,B,G,C,T,O,A,A,B,M,E,E,H,G,BI,EG,A,P,AD,A,P,KA,0.936584,0.422197,0.139862,0.642745,0.281143,0.92921,0.685975,0.82598,0.96909,0.82889,0.797841,0.810292,0.873618,0.531033
A,A,A,B,A,A,A,A,A,A,A,A,A,A,A,A,A,A,A,A,A,A,A,A,B,B,B,A,B,A,A,A,A,A,A,A,A,A,A,A,A,A,A,A,A,A,A,A,A,A,A,A,A,A,A,A,A,A,A,A,A,A,A,A,A,A,A,A,A,A,A,B,A,A,A,A,D,B,B,B,D,B,B,C,B,B,B,A,A,A,A,A,D,D,D,E,E,A,P,H,A,A,A,D,E,J,H,B,BI,EL,I,AF,AF,A,L,CR,0.31405,0.737068,0.527991,0.208655,0.577339,0.240069,0.298248,0.25461,0.34365,0.35434,0.223038,0.236124,0.351299,0.216889
A,B,A,B,A,A,A,A,B,A,A,B,A,A,A,A,A,A,A,A,A,A,B,A,A,A,A,A,A,A,A,A,A,A,A,A,A,A,A,A,A,A,A,A,A,A,A,A,A,A,A,A,A,A,A,A,A,A,A,A,A,A,A,A,A,A,A,A,A,A,A,B,A,A,A,A,D,B,B,D,D,B,B,C,B,D,B,D,A,A,A,A,D,D,C,E,A,C,T,B,G,A,A,J,F,F,G,G,BI,CS,C,S,L,A,O,LF,0.907272,0.785784,0.397983,0.713852,0.388783,0.833936,0.502621,0.96024,0.93383,0.8351,0.742852,0.790803,0.81255,0.679277
A,B,A,A,A,A,A,A,B,B,A,B,A,A,A,A,A,A,A,A,A,A,A,A,A,A,A,A,A,A,A,A,A,A,A,A,A,A,A,A,A,A,A,A,A,A,A,A,A,A,A,A,A,A,A,A,A,A,A,A,A,A,A,A,A,A,A,A,A,A,A,A,A,A,A,A,D,B,B,D,D,B,B,C,B,A,B,A,A,A,A,A,D,B,A,E,E,A,E,L,I,A,A,E,F,H,G,H,AB,CS,A,AV,BC,A,G,DJ,0.124258,0.555782,0.634224,0.844287,0.281143,0.270679,0.424606,0.58934,0.19464,0.42828,0.331363,0.359249,0.153597,0.313156
A,A,A,A,B,A,A,A,A,A,A,A,A,A,A,A,A,A,A,A,A,A,A,A,A,A,A,A,A,A,A,A,A,A,A,B,A,A,A,A,A,A,A,A,A,A,A,A,A,A,A,A,A,A,A,A,A,A,A,A,A,A,A,A,A,A,A,A,A,A,A,B,A,A,A,A,D,B,A,D,D,B,A,C,B,B,B,A,A,A,A,A,D,D,D,E,C,A,P,G,A,A,B,F,H,G,F,D,BI,BT,A,G,A,A,J,HB,0.477231,0.422197,0.80643,0.208655,0.281143,0.432555,0.67025,0.26847,0.41471,0.47779,0.711942,0.698722,0.30435,0.206202
A,A,A,B,A,B,A,A,A,A,A,A,A,A,A,A,A,A,A,A,A,A,A,A,A,A,B,A,A,A,A,A,A,A,A,A,A,A,A,A,A,A,A,A,A,A,A,A,A,B,A,A,A,A,A,A,A,A,A,A,A,A,A,A,A,A,A,A,A,A,A,B,A,A,A,A,D,B,B,D,D,B,B,C,B,B,B,A,A,A,A,A,D,D,C,E,E,A,D,K,A,A,A,D,E,J,F,A,BI,EG,C,E,AE,E,J,CK,0.282512,0.620805,0.711159,0.412789,0.302678,0.211915,0.310367,0.29758,0.34365,0.30529,0.24541,0.241676,0.222124,0.823304
A,B,A,B,A,B,A,A,A,A,B,A,A,A,A,A,A,A,A,A,A,A,B,A,A,A,B,A,A,A,A,A,A,A,A,A,A,A,A,A,A,A,A,A,A,A,A,A,A,B,A,A,A,A,A,A,A,A,A,A,A,A,A,A,A,A,A,A,A,A,A,A,A,A,A,A,D,B,B,D,D,B,B,C,B,B,B,A,A,A,B,H,D,D,D,E,C,A,P,F,D,A,A,F,G,H,F,B,BI,EB,E,J,AS,E,K,GS,0.441242,0.358319,0.61366,0.309621,0.372405,0.315699,0.363768,0.48864,0.36285,0.36458,0.531161,0.519456,0.30435,0.386524
B,A,A,A,B,A,A,A,A,A,A,A,A,A,A,A,A,A,A,A,A,A,A,A,A,A,A,A,A,A,A,A,A,A,A,A,A,A,B,A,A,A,A,A,A,A,A,A,A,A,A,A,A,A,A,A,A,A,A,A,A,A,A,A,A,A,A,A,A,A,A,A,B,A,B,A,D,B,B,D,D,D,B,A,B,B,B,A,A,A,G,H,D,A,D,E,G,A,P,I,A,A,B,I,E,F,D,B,AB,EL,A,E,AU,A,H,KC,0.777039,0.021677,0.129646,0.844287,0.594196,0.548419,0.35459,0.32843,0.55025,0.76052,0.415029,0.481306,0.310026,0.806688
B,A,A,B,A,A,A,A,A,A,A,A,A,A,A,A,A,A,A,A,A,A,A,A,B,A,A,A,A,A,A,A,A,A,A,A,A,A,A,A,A,A,A,A,A,A,A,A,A,A,A,A,A,A,A,A,A,A,A,A,A,A,A,A,A,A,A,A,A,A,A,B,A,A,B,A,D,B,B,D,D,B,B,C,B,D,B,D,A,A,A,A,D,B,C,E,A,C,T,O,A,A,A,I,F,G,H,G,BI,EB,C,A,Y,A,O,KW,0.881655,0.299102,0.201309,0.614134,0.473767,0.648616,0.424486,0.44106,0.90264,0.81591,0.550529,0.590961,0.789182,0.400586
A,A,A,A,A,B,A,A,A,A,A,A,A,A,A,A,A,A,A,A,A,A,A,A,A,A,A,A,A,A,A,A,A,A,A,A,A,A,A,A,A,A,A,A,A,A,A,A,A,B,A,A,A,A,A,A,A,A,A,A,A,A,A,A,A,A,A,A,A,A,A,B,A,A,A,A,D,B,B,D,D,B,B,A,B,C,B,A,A,A,A,A,D,B,E,E,G,E,R,K,A,A,A,I,E,H,L,F,BI,EG,A,N,L,C,P,IH,0.484469,0.199504,0.139862,0.493605,0.332785,0.674671,0.441349,0.64027,0.4832,0.74817,0.377724,0.443374,0.832018,0.609618
B,B,A,A,B,A,A,A,B,A,A,A,A,A,A,A,A,A,A,A,A,A,A,A,A,A,A,A,A,A,A,A,A,A,A,B,A,A,A,A,A,A,A,A,A,A,A,A,A,A,A,A,A,A,A,A,A,A,A,A,A,A,A,A,A,A,A,A,A,A,A,B,A,A,A,A,D,B,B,B,D,B,B,C,B,B,B,A,A,A,A,A,D,D,C,E,C,A,D,J,C,A,B,F,H,G,E,A,BI,BT,A,J,A,A,J,HB,0.516355,0.299102,0.762059,0.208655,0.405415,0.425066,0.559342,0.3026,0.39447,0.39068,0.678924,0.665644,0.271571,0.386585
A,B,A,A,B,A,A,A,B,A,A,A,B,A,A,A,A,A,A,A,A,A,A,A,A,A,A,A,A,A,A,A,A,A,A,B,A,A,A,A,A,A,A,A,A,A,A,A,A,A,A,A,A,A,A,A,A,A,A,A,A,A,A,A,A,A,A,A,A,A,A,A,A,A,A,A,D,B,B,B,D,B,B,C,B,D,B,A,A,A,A,A,D,D,C,E,C,D,T,L,F,A,B,G,F,G,I,K,BI,CO,A,E,AS,A,N,HK,0.623912,0.555782,0.65431,0.473202,0.281143,0.671825,0.581829,0.54236,0.52519,0.68997,0.689039,0.675759,0.666708,0.82338
A,B,A,A,A,A,A,A,B,A,A,A,A,A,A,A,A,A,A,A,A,A,A,A,A,A,A,A,A,A,A,A,A,A,A,A,A,A,A,A,A,A,A,A,A,A,A,A,A,A,A,A,A,A,A,A,A,A,A,A,A,A,A,A,A,A,A,A,A,A,A,A,A,A,A,A,D,B,B,D,D,D,B,C,B,D,B,A,A,A,A,A,D,C,C,E,C,D,T,L,D,A,A,G,F,H,K,K,BI,DX,A,AI,BM,A,O,HG,0.410063,0.422197,0.54977,0.554673,0.805895,0.513874,0.493367,0.70342,0.39447,0.46119,0.569745,0.55738,0.660756,0.345381
A,B,A,B,A,A,A,A,A,A,B,A,A,A,A,A,A,A,A,A,A,A,B,A,B,B,A,A,A,A,A,A,A,A,A,A,A,A,A,A,A,A,A,A,A,A,A,A,A,A,A,A,A,A,A,A,A,A,A,A,A,A,A,A,A,A,A,A,A,A,A,B,A,A,A,A,D,B,D,B,B,B,B,C,B,B,B,A,A,A,B,H,D,B,D,E,C,A,P,F,C,A,A,E,E,I,G,B,BI,BS,G,AK,BM,A,L,DJ,0.475784,0.488789,0.440642,0.534409,0.78323,0.331919,0.345585,0.36083,0.39849,0.39599,0.26014,0.292356,0.363547,0.472863
A,A,A,A,A,B,A,A,A,A,A,A,A,A,A,A,A,A,A,A,A,A,A,A,A,A,A,A,A,A,A,A,A,A,A,A,A,A,A,A,A,A,A,A,A,A,A,A,A,B,A,A,B,A,A,A,A,A,A,A,A,A,A,A,A,A,A,A,A,A,A,B,B,A,A,A,D,B,B,D,B,B,B,C,B,D,B,A,A,A,A,A,D,B,C,E,A,D,T,K,A,A,A,K,G,F,J,K,BI,BC,A,AV,S,J,P,MD,0.640095,0.488789,0.356819,0.83884,0.585792,0.825463,0.635715,0.66201,0.64681,0.68039,0.888438,0.879347,0.802184,0.305218
A,A,A,B,A,A,A,A,A,A,A,A,A,A,A,A,A,A,A,A,A,A,B,A,A,A,A,A,A,A,A,A,A,A,A,A,A,A,A,A,A,A,A,A,A,A,A,A,A,A,A,A,A,A,A,A,A,A,A,A,A,A,A,A,A,A,A,A,A,A,A,B,A,A,A,A,D,C,B,C,C,C,C,C,C,B,C,A,A,A,A,A,E,D,C,G,E,A,N,J,A,A,A,D,D,I,H,B,BI,CO,C,AH,BM,A,L,EL,0.29201,0.737068,0.634224,0.62377,0.281143,0.314937,0.413673,0.67263,0.38249,0.29595,0.228492,0.225288,0.363547,0.234641
A,A,A,A,B,A,A,A,A,A,A,A,A,A,A,A,A,A,A,A,A,A,A,A,A,A,A,A,A,A,A,A,A,A,A,B,A,B,A,A,A,A,A,A,A,A,A,A,A,A,A,A,A,A,A,A,A,A,A,A,A,A,A,A,A,A,A,A,A,A,A,A,B,A,A,A,D,B,B,D,D,A,D,C,B,B,B,A,A,A,A,A,C,D,D,E,C,A,P,I,A,A,C,G,H,G,F,D,BI,CL,A,AV,AN,A,K,HK,0.503312,0.681761,0.711159,0.229617,0.281143,0.463958,0.688521,0.37194,0.44352,0.45017,0.718299,0.705111,0.315758,0.305184
A,B,A,B,A,A,A,A,A,B,B,A,A,A,A,A,A,A,A,A,A,A,B,A,A,A,A,A,A,A,A,A,A,A,A,A,A,A,A,A,A,A,A,A,A,A,A,A,A,A,A,A,A,A,A,A,A,A,A,A,A,A,A,A,A,A,A,A,A,A,A,A,A,A,A,A,D,B,B,D,D,B,B,C,B,D,B,D,A,A,B,H,D,B,C,D,A,C,T,F,F,A,A,K,F,F,G,G,BI,CS,C,E,AD,A,O,LN,0.907272,0.555782,0.26357,0.738221,0.281143,0.819104,0.498549,0.87698,0.93383,0.7877,0.784967,0.772574,0.784711,0.825366
B,A,A,A,B,A,A,A,A,A,A,A,A,A,A,A,A,A,A,A,A,A,A,A,A,A,A,A,A,A,A,A,A,A,A,B,A,A,A,A,A,A,A,A,A,A,A,A,A,A,A,A,A,A,A,A,A,A,A,A,A,A,A,A,A,A,A,A,A,A,A,A,B,A,B,A,D,B,B,D,D,B,B,C,B,D,B,A,A,A,A,A,D,C,C,E,C,D,T,I,A,A,B,H,F,F,K,K,BI,CS,A,T,L,A,P,IG,0.513457,0.358319,0.440642,0.753703,0.281143,0.744458,0.599132,0.87954,0.521,0.61459,0.727671,0.714544,0.78245,0.196939
B,A,A,B,A,A,A,A,A,A,A,A,A,A,A,A,A,A,A,A,A,A,A,A,A,B,A,A,A,A,A,A,A,A,A,A,A,A,A,A,A,A,A,A,A,A,A,A,A,A,A,A,A,A,A,A,A,A,A,A,A,A,A,A,A,A,A,A,A,A,A,A,A,A,A,A,D,B,B,D,D,B,B,C,B,B,B,A,A,A,B,H,D,D,D,E,E,A,P,F,A,A,A,E,F,J,H,B,BI,CO,C,AR,AS,A,L,DF,0.31405,0.620805,0.506105,0.383428,0.372405,0.252511,0.279001,0.5006,0.33611,0.3148,0.278556,0.289207,0.333292,0.419546
A,B,A,A,A,A,A,A,B,A,A,A,A,A,A,A,A,A,A,A,A,A,A,A,A,A,A,A,A,A,A,A,A,A,A,A,A,A,A,A,A,A,A,A,A,A,A,A,A,A,A,A,A,A,A,A,A,A,A,A,A,A,A,A,A,A,A,A,A,A,A,B,A,A,B,A,D,B,B,D,D,B,B,C,B,D,B,A,A,A,A,A,D,B,C,E,C,D,T,L,D,A,A,F,E,H,K,K,K,CO,A,K,AW,A,R,GS,0.362003,0.245921,0.484196,0.300956,0.551723,0.538791,0.63448,0.29758,0.40252,0.2123,0.324486,0.443374,0.654753,0.361034
A,A,A,A,B,A,A,A,A,A,A,A,A,A,A,A,A,A,A,A,A,A,A,A,A,A,A,A,A,A,A,A,A,A,A,A,B,A,A,A,A,A,A,A,A,A,A,A,A,A,A,A,A,A,A,A,A,A,A,A,A,A,A,A,A,A,A,A,A,A,A,A,A,A,A,A,D,B,B,D,D,B,B,C,B,B,B,A,A,A,A,A,D,D,D,E,C,A,P,J,A,A,B,E,F,G,G,D,BI,CL,A,J,AN,A,J,GI,0.351358,0.681761,0.777587,0.18295,0.281143,0.424779,0.644809,0.34987,0.40657,0.40666,0.468839,0.458493,0.287682,0.392794
B,A,A,A,A,B,A,A,A,A,A,A,A,A,A,A,A,A,A,A,A,A,A,A,A,A,A,A,A,A,A,A,A,A,A,A,A,A,A,A,A,A,A,A,A,A,A,A,A,B,A,A,B,A,A,A,A,A,A,A,A,A,A,A,A,A,A,A,A,A,A,B,B,A,A,A,D,B,B,D,C,B,B,C,B,D,B,A,A,A,B,A,D,C,C,E,C,D,T,I,A,A,A,H,F,H,M,K,BI,BC,A,AV,AX,J,Q,IE,0.330514,0.422197,0.462347,0.473202,0.281143,0.609398,0.400096,0.61229,0.38249,0.51111,0.695685,0.682413,0.756454,0.304442
A,B,A,A,A,A,A,A,B,A,A,A,A,A,A,A,A,A,A,A,A,A,A,A,A,A,A,A,A,A,A,A,A,A,A,A,A,A,A,A,A,A,A,A,A,A,A,A,A,A,A,A,A,A,A,A,A,A,A,A,A,A,A,A,A,A,A,A,A,A,A,B,A,A,A,A,D,B,A,D,C,A,C,A,B,D,B,A,A,A,A,A,C,D,C,E,G,D,T,L,D,A,A,K,E,E,J,K,BI,EB,A,AL,Y,A,Q,LO,0.853789,0.620805,0.26357,0.62377,0.534484,0.942444,0.69942,0.89393,0.83155,0.79863,0.797841,0.785706,0.886284,0.703778
A,A,A,B,A,A,A,A,A,A,A,A,A,A,A,A,A,A,A,A,A,A,A,A,A,B,A,A,A,A,A,A,A,B,A,A,A,A,A,A,A,A,A,A,A,A,A,A,A,A,A,A,A,A,A,A,A,A,A,A,A,A,A,A,A,A,A,A,A,A,A,A,A,A,A,B,D,B,B,D,D,B,B,C,B,B,B,A,A,A,A,A,D,C,D,E,E,A,P,H,A,A,A,D,D,I,F,B,AB,C,E,AF,AW,A,K,CR,0.354006,0.488789,0.336963,0.284048,0.543117,0.244821,0.294728,0.42345,0.30859,0.21604,0.192281,0.190178,0.256038,0.21442
A,B,A,A,A,A,A,A,B,A,A,B,A,A,A,A,A,A,A,A,A,A,A,A,A,A,A,A,A,A,A,A,A,A,A,A,A,A,A,A,A,A,A,A,A,A,A,A,A,A,A,A,A,A,A,A,A,A,A,A,A,A,A,A,A,A,A,A,A,A,A,B,A,A,A,A,D,B,D,B,D,B,B,C,B,B,B,A,A,A,A,A,C,B,D,E,C,A,P,G,G,A,A,E,E,H,F,B,BQ,BS,A,AX,BM,A,K,DJ,0.475784,0.245921,0.440642,0.534409,0.78323,0.335056,0.362969,0.36083,0.39849,0.39599,0.291268,0.286079,0.339244,0.331945
A,A,A,A,B,A,A,A,A,A,A,A,A,A,A,A,A,A,A,A,A,A,A,A,A,A,A,A,A,A,A,A,A,A,A,B,B,B,A,B,A,A,A,B,A,A,A,A,A,A,A,A,A,A,A,A,A,A,A,A,A,A,A,A,A,A,A,A,A,A,A,A,A,A,A,A,D,B,B,D,D,D,B,C,B,D,B,A,A,A,B,H,D,D,C,E,C,D,T,F,A,A,F,G,F,G,K,K,BI,CS,A,AF,AE,A,N,HK,0.500412,0.785784,0.57136,0.327354,0.725503,0.720029,0.599132,0.35533,0.44145,0.7877,0.644013,0.630853,0.746494,0.285965
A,B,A,A,B,A,A,A,B,A,A,A,B,A,A,A,A,A,A,A,A,A,A,A,A,A,A,A,A,A,A,A,A,A,A,B,A,B,A,B,A,A,A,A,A,A,A,A,A,A,A,A,A,A,A,A,A,A,A,A,A,A,A,A,A,A,A,A,A,A,A,A,A,A,B,A,D,B,D,B,B,A,B,C,B,B,B,A,A,A,B,H,C,B,D,E,E,A,P,F,F,A,D,C,E,L,H,B,K,EB,A,E,AE,A,L,CI,0.280167,0.199504,0.506105,0.354893,0.302678,0.181314,0.309417,0.27797,0.32128,0.24355,0.180456,0.178698,0.30435,0.820661
A,B,A,A,B,B,A,A,B,A,A,A,A,A,A,A,A,A,A,A,A,A,A,A,A,A,A,A,A,A,A,A,A,A,A,B,B,B,A,A,A,A,A,B,A,A,A,A,A,B,A,A,A,A,A,A,A,A,A,A,A,A,A,A,A,A,A,A,A,A,A,B,A,A,A,A,D,B,A,D,B,A,A,A,B,B,B,A,A,A,A,A,D,D,D,E,E,A,P,O,C,A,E,C,E,M,I,B,BI,CO,A,AK,AX,C,N,CB,0.289618,0.827585,0.506105,0.534409,0.635304,0.169248,0.221,0.6984,0.30859,0.2123,0.167024,0.165648,0.391741,0.46261
A,A,A,B,A,A,A,A,A,A,A,A,A,A,A,A,A,A,A,A,A,A,B,A,A,A,A,A,A,A,A,A,A,A,A,A,A,A,A,A,A,A,A,A,A,A,A,A,A,A,A,A,A,A,A,A,A,A,A,A,A,A,A,A,A,A,A,A,A,A,A,A,B,A,A,A,D,B,B,D,D,A,A,C,B,B,B,A,A,A,A,A,C,D,D,E,D,A,P,H,A,A,A,C,E,L,I,B,G,EL,C,AT,AK,A,M,CD,0.199379,0.681761,0.527991,0.18295,0.281143,0.178193,0.242153,0.25918,0.2418,0.2123,0.169206,0.167768,0.339244,0.766969
A,A,A,A,B,A,A,A,A,A,A,A,A,A,A,A,A,A,A,A,A,A,A,A,A,A,A,A,A,A,A,A,A,A,A,B,A,A,A,B,B,A,A,A,A,A,A,A,A,A,A,A,A,A,A,A,A,A,A,A,A,A,A,A,A,A,A,A,A,A,A,B,A,A,A,A,D,B,D,C,C,B,B,C,B,B,C,A,A,A,A,A,D,D,D,D,A,A,P,G,A,A,D,G,F,G,F,B,BI,CS,A,AN,K,A,K,HM,0.634734,0.785784,0.336963,0.894723,0.882274,0.456654,0.47365,0.36083,0.46853,0.51666,0.4961,0.485119,0.363547,0.258776
A,A,A,B,A,A,A,A,A,A,A,A,A,A,A,A,A,A,A,A,A,A,A,A,A,A,B,A,A,A,A,A,A,A,A,A,A,A,A,A,A,A,A,A,A,A,A,A,A,A,A,A,A,A,A,A,A,A,A,A,A,A,A,A,A,A,A,A,A,A,A,A,A,A,A,A,D,B,B,D,D,B,A,C,B,B,B,A,A,A,A,A,D,D,D,E,A,A,P,B,A,A,A,G,F,G,F,B,BI,EG,C,AN,K,A,K,HK,0.634734,0.681761,0.336963,0.869299,0.811271,0.456654,0.457075,0.36083,0.46853,0.51666,0.4961,0.485119,0.363547,0.28389
A,B,A,A,A,A,A,A,B,A,A,A,A,A,A,A,A,A,A,A,A,A,A,A,A,A,A,A,A,A,A,A,A,A,A,A,A,A,A,A,A,A,A,A,A,A,A,A,A,A,A,A,A,A,A,A,A,A,A,A,A,A,A,A,A,A,A,A,A,A,A,A,A,A,B,A,D,B,B,D,D,D,B,A,B,D,B,A,A,A,G,H,D,A,C,E,G,D,T,B,D,A,A,K,D,E,H,K,BI,EL,A,AW,L,A,O,JL,0.844124,0.047297,0.063386,0.364302,0.288217,0.84717,0.485401,0.31796,0.83735,0.71323,0.415029,0.481306,0.773235,0.837501
A,A,A,A,A,B,A,A,A,A,A,A,A,A,A,A,A,A,A,A,A,A,A,A,A,A,A,A,A,A,A,A,A,A,A,A,A,A,A,A,A,A,A,A,A,A,A,A,B,B,A,A,B,A,A,A,A,A,A,A,A,A,A,A,A,A,A,A,A,A,A,B,A,A,A,A,D,B,D,B,D,B,B,C,B,B,B,A,A,A,C,A,D,D,D,E,E,A,P,M,A,A,A,D,E,J,H,B,BI,EG,A,AE,BM,N,L,CK,0.330514,0.681761,0.61366,0.473202,0.908217,0.240069,0.279895,0.24564,0.30859,0.32446,0.223038,0.220003,0.333292,0.252635
A,B,A,A,A,B,A,A,B,A,A,A,A,A,A,A,A,A,A,A,A,A,A,A,A,A,A,A,A,A,A,A,A,A,A,A,A,A,A,A,A,A,A,A,A,A,A,A,A,A,A,B,A,A,A,A,A,A,A,A,A,A,A,A,A,A,A,A,A,A,A,A,A,A,A,A,D,B,B,D,D,B,D,C,B,B,B,A,A,A,B,H,D,D,D,E,C,A,P,F,D,A,A,E,F,H,F,B,BI,BT,A,AS,AX,E,K,DP,0.484469,0.681761,0.54977,0.452887,0.499798,0.350688,0.363197,0.58354,0.44352,0.39599,0.341813,0.352251,0.339244,0.729193
A,B,A,B,A,A,A,A,B,B,B,B,A,A,A,A,A,A,A,A,A,A,B,A,A,A,A,A,A,A,A,A,A,A,A,A,A,A,A,A,A,A,A,A,A,A,A,A,A,A,A,A,A,A,A,A,A,A,A,A,A,A,A,A,A,A,A,A,A,A,A,B,A,A,A,A,D,B,B,D,D,A,A,C,B,D,B,D,A,A,A,A,C,B,C,E,E,C,T,L,L,A,A,G,E,F,G,G,BU,BC,C,J,S,A,P,HV,0.832333,0.620805,0.298977,0.796346,0.78323,0.688201,0.457443,0.67263,0.83505,0.45017,0.4922,0.500382,0.684242,0.389519
B,A,A,A,B,A,A,A,A,A,A,A,A,A,A,A,A,A,A,A,A,A,A,A,A,A,A,A,A,A,A,A,A,A,A,A,B,A,A,A,A,A,A,A,A,A,A,A,A,A,A,A,A,A,A,A,A,A,A,A,A,A,A,A,A,A,A,A,A,A,A,A,A,A,A,A,D,B,B,D,D,B,A,C,B,D,B,A,A,A,A,A,D,D,C,E,C,D,T,I,A,A,B,F,F,F,J,E,BI,CL,A,AH,F,A,M,HB,0.376862,0.737068,0.80643,0.393132,0.534484,0.636189,0.763817,0.61229,0.46853,0.57716,0.711942,0.698722,0.572812,0.230952
B,A,A,A,A,B,A,A,A,A,A,A,A,A,A,A,A,A,A,A,A,A,A,A,A,A,A,A,A,A,A,A,A,A,A,A,A,A,A,A,A,A,A,A,A,A,A,A,A,B,A,A,A,A,A,A,A,A,A,A,A,A,A,A,A,A,A,A,A,A,A,A,A,A,A,A,D,B,B,D,D,B,D,C,B,B,B,A,A,A,A,A,D,D,C,E,C,A,D,A,A,A,A,I,I,G,E,H,BI,CO,A,E,X,E,I,KC,0.458463,0.555782,0.440642,0.864586,0.281143,0.426216,0.526655,0.69334,0.39849,0.57172,0.797841,0.785706,0.243546,0.82047
A,A,A,B,A,A,A,A,A,A,A,A,A,A,A,A,A,A,A,A,A,A,A,A,A,B,A,A,A,A,A,A,A,A,A,A,A,A,A,A,A,A,A,A,A,A,A,A,A,A,A,A,A,A,A,A,A,A,A,A,A,A,A,A,A,A,A,A,A,A,A,A,A,A,A,A,D,B,B,D,D,D,A,C,B,D,B,A,A,A,B,A,D,D,C,E,C,D,T,J,A,A,A,G,G,H,J,K,BI,EL,C,AN,AK,A,N,HL,0.40028,0.827585,0.728827,0.229617,0.317541,0.510054,0.496698,0.2926,0.38249,0.58796,0.730752,0.717648,0.6426,0.285019
B,A,A,A,A,B,A,A,A,A,A,A,A,A,A,A,A,A,A,A,A,A,A,A,A,A,A,A,A,A,A,A,A,A,A,A,A,A,A,A,A,A,A,A,A,A,A,A,A,B,A,A,A,A,A,A,A,A,A,A,A,A,A,A,A,A,A,A,A,A,A,A,A,A,A,A,D,B,B,D,D,B,A,C,B,D,B,A,A,A,A,A,D,C,C,E,C,D,T,K,A,A,A,G,F,H,K,K,BI,DX,A,U,BM,E,O,HG,0.410063,0.422197,0.54977,0.554673,0.805895,0.513874,0.493367,0.70342,0.39447,0.46119,0.569745,0.55738,0.660756,0.296717
A,B,A,A,A,B,A,A,B,A,A,A,A,A,A,A,A,A,A,A,A,A,A,A,A,A,A,A,A,A,A,A,A,A,A,A,A,A,A,A,A,A,A,A,A,A,A,A,A,B,A,A,A,A,A,A,A,A,A,A,A,A,A,A,A,A,A,A,A,A,A,B,A,A,A,A,D,B,B,D,D,B,B,C,B,B,B,A,A,A,F,A,D,D,C,E,D,A,N,M,C,A,A,C,D,L,L,I,AB,BS,A,AE,K,C,N,CB,0.107083,0.681761,0.484196,0.809278,0.405415,0.204165,0.242788,0.58354,0.22969,0.19086,0.162728,0.16147,0.382252,0.194575
A,B,A,A,B,A,B,A,A,A,A,A,B,A,A,A,A,A,A,A,A,A,A,A,A,A,A,A,A,A,A,A,A,A,A,B,A,B,A,B,A,A,A,B,A,A,A,A,A,A,A,A,A,A,A,A,B,A,A,A,A,A,A,A,A,A,A,A,A,A,A,B,A,A,A,A,D,B,D,B,C,B,B,C,B,B,C,A,B,A,A,A,D,B,C,E,E,A,D,G,D,A,E,D,E,J,G,A,AB,EG,A,U,K,A,K,DC,0.351358,0.555782,0.440642,0.83324,0.811271,0.241574,0.255339,0.58934,0.32496,0.26029,0.257148,0.253044,0.276878,0.297896
A,A,B,A,A,A,A,A,A,A,A,A,A,A,A,A,A,B,A,A,A,A,A,A,A,A,A,A,A,A,A,A,A,A,A,A,A,A,A,A,A,A,A,A,A,A,A,A,A,A,A,A,A,A,A,A,A,A,A,A,A,A,A,A,A,A,A,A,A,A,A,A,A,A,A,A,D,B,D,B,D,B,B,C,B,D,B,A,A,B,B,H,D,C,C,E,A,D,T,F,A,A,A,K,F,F,K,K,BI,CL,A,AS,L,A,P,LM,0.655966,0.555782,0.336963,0.705434,0.281143,0.8581,0.681493,0.82252,0.58325,0.80569,0.832976,0.832658,0.866072,0.714149
A,B,A,A,B,A,A,A,B,B,A,A,B,A,A,A,A,A,A,A,A,A,A,A,A,A,A,A,A,A,A,A,A,A,A,B,A,A,A,A,A,A,A,A,A,A,A,A,A,A,A,A,A,A,A,A,A,A,A,A,A,A,A,A,A,A,A,A,A,A,A,B,A,A,B,A,D,B,B,D,D,D,B,C,B,D,B,A,A,A,A,A,D,C,C,E,C,D,T,L,J,A,B,H,F,G,J,K,BI,AK,A,S,BM,A,O,IE,0.472892,0.358319,0.356819,0.309621,0.850206,0.596448,0.535135,0.48864,0.45391,0.56627,0.625936,0.612906,0.69565,0.679136
B,B,A,B,A,A,A,A,B,A,B,A,A,A,A,A,A,A,A,A,A,A,B,A,A,A,A,A,A,A,A,A,A,A,A,A,A,A,A,A,A,A,A,A,A,A,A,A,A,A,A,A,A,A,A,A,A,A,A,A,A,A,A,A,A,A,A,A,A,A,A,B,A,A,B,A,D,B,D,B,D,B,B,C,B,D,B,A,A,A,B,H,D,C,C,E,C,D,T,F,F,A,A,H,F,F,K,K,BI,CS,C,T,L,A,P,IG,0.513457,0.358319,0.440642,0.753703,0.281143,0.744458,0.599132,0.87954,0.521,0.61459,0.727671,0.714544,0.78245,0.196324
A,A,A,B,A,B,A,A,A,A,A,A,A,A,A,A,A,A,A,A,A,A,B,B,B,B,B,A,A,B,B,A,A,A,A,A,A,A,A,A,A,A,A,A,A,A,A,A,A,B,A,A,A,A,A,A,A,A,A,A,A,A,A,A,A,A,A,A,A,A,A,B,A,A,A,A,D,B,B,D,B,B,A,C,B,B,B,A,A,A,D,A,D,D,D,E,A,A,P,N,A,A,A,H,H,F,E,D,BI,EB,O,J,AO,C,J,KI,0.549543,0.422197,0.592681,0.318422,0.364322,0.493591,0.665542,0.29758,0.55233,0.53328,0.742852,0.729856,0.287682,0.383506
A,A,A,A,A,B,A,A,A,A,A,A,A,A,A,A,A,A,A,A,A,A,A,A,A,A,A,A,A,A,A,A,A,A,A,A,A,A,A,A,A,A,A,A,A,A,A,A,A,B,A,A,A,A,A,A,A,A,A,A,A,A,A,A,A,A,A,A,A,A,A,A,A,A,A,A,D,B,B,D,D,D,B,C,B,B,B,A,A,A,A,A,B,D,D,E,C,A,P,J,A,A,A,G,I,G,G,D,BI,EG,A,K,AN,E,J,HK,0.348719,0.620805,0.844219,0.229617,0.281143,0.448496,0.735978,0.36083,0.40657,0.40666,0.776962,0.800726,0.287682,0.361288
A,A,A,B,A,A,A,A,A,A,A,A,A,A,A,A,A,A,A,A,A,A,A,A,A,B,B,A,A,A,A,A,A,A,A,A,A,A,A,A,A,A,A,A,A,A,A,A,A,A,A,A,A,A,A,A,A,A,A,A,A,A,A,A,A,A,A,A,A,A,A,A,A,A,A,A,D,B,B,D,D,D,C,C,B,B,B,A,A,A,B,A,D,B,D,E,A,A,P,N,A,A,A,H,F,G,E,B,AB,CL,E,AV,BC,A,I,HX,0.606064,0.555782,0.215772,0.775744,0.281143,0.433999,0.415949,0.46477,0.46853,0.56627,0.453334,0.443374,0.282249,0.317124
A,B,A,A,B,A,A,A,B,B,B,B,B,A,A,A,A,A,A,A,A,A,A,A,A,A,A,A,A,A,A,A,A,A,A,B,A,B,A,B,A,A,A,A,A,A,A,A,A,A,A,A,A,A,A,A,A,A,A,A,A,A,A,A,A,A,A,A,A,A,A,B,A,A,A,A,D,B,D,B,B,B,B,C,B,B,C,A,A,A,A,A,D,D,D,E,C,A,P,G,Q,A,D,E,F,H,G,B,R,CM,A,J,AK,A,K,GK,0.435531,0.488789,0.527991,0.236924,0.281143,0.340845,0.355246,0.3128,0.39849,0.41743,0.396226,0.387819,0.351299,0.381147
A,B,A,A,A,A,A,A,B,A,B,B,A,A,A,A,A,A,A,A,A,A,A,A,A,A,A,A,A,A,A,A,A,A,A,A,A,A,A,A,A,A,A,A,A,A,A,A,A,A,A,A,A,A,A,A,A,A,A,A,A,A,A,A,A,A,A,A,A,A,A,A,A,A,A,A,D,B,B,D,D,B,B,C,B,D,B,A,A,A,B,H,D,C,C,E,A,C,T,F,I,A,A,K,F,F,G,G,BI,EG,A,AS,AD,A,O,LM,0.907272,0.620805,0.336963,0.696873,0.281143,0.844563,0.533048,0.97123,0.93383,0.83814,0.832976,0.832658,0.810511,0.731289
A,A,A,A,A,B,A,A,A,A,A,A,A,A,A,A,A,A,A,A,A,A,A,A,A,A,A,A,A,A,A,A,A,A,A,A,A,A,A,A,A,A,A,A,A,A,A,A,A,B,A,A,A,A,A,A,A,A,A,A,A,A,A,A,A,A,A,A,A,A,A,B,A,A,A,A,D,B,B,D,D,B,B,C,B,B,B,A,A,A,A,A,D,D,D,E,A,A,P,K,A,A,A,G,H,F,F,D,BI,CL,A,E,AT,C,J,HN,0.512009,0.827585,0.832339,0.473202,0.551723,0.535867,0.922416,0.45883,0.52519,0.52221,0.802827,0.790803,0.339244,0.801106
A,B,A,B,A,A,A,A,B,A,A,A,A,A,A,A,A,A,A,A,A,A,A,B,A,A,A,B,A,A,A,A,A,A,A,A,A,A,A,A,A,A,A,A,A,A,A,A,A,A,A,A,A,A,A,A,A,A,A,A,A,A,A,A,A,A,A,A,A,A,A,B,A,A,A,A,D,B,B,D,D,B,D,D,B,B,B,A,A,A,A,A,D,D,D,E,C,A,P,H,C,A,A,E,F,F,G,D,BI,CL,E,E,AN,A,K,GI,0.351358,0.681761,0.777587,0.18295,0.281143,0.484775,0.698278,0.35533,0.40657,0.40666,0.468839,0.458493,0.30435,0.806951
A,A,A,A,A,B,A,A,A,A,A,A,A,A,A,A,A,A,A,A,A,A,A,A,A,A,A,A,A,A,A,A,A,A,A,A,A,A,A,A,A,A,A,A,A,A,A,A,A,B,A,A,B,A,A,A,A,A,A,A,A,A,A,A,A,A,A,A,A,A,A,A,A,A,A,A,D,B,B,D,D,B,B,C,B,D,B,A,A,A,A,A,D,D,C,E,C,D,T,A,A,A,A,G,G,F,J,E,BI,CL,A,J,A,J,M,HV,0.497513,0.681761,0.762059,0.275813,0.491114,0.726853,0.818594,0.30768,0.42289,0.7877,0.797841,0.785706,0.669664,0.396839
A,A,A,A,B,A,A,A,A,A,A,A,A,A,A,A,A,A,A,A,A,A,A,A,A,A,A,A,A,A,A,A,A,A,A,A,B,A,A,A,A,A,A,B,A,A,A,A,A,A,A,A,A,A,A,A,A,A,A,A,A,A,A,A,A,A,A,A,A,A,A,B,A,A,A,A,D,B,D,C,C,B,A,C,B,B,B,A,A,A,A,A,D,D,D,E,E,A,P,G,A,A,C,D,E,J,G,B,AB,EG,A,E,BG,A,L,DC,0.408661,0.422197,0.419161,0.195483,0.456483,0.233061,0.217872,0.2828,0.32311,0.23148,0.24541,0.241676,0.324464,0.80155
A,B,A,A,B,A,A,A,B,B,A,B,A,A,A,A,A,A,A,A,A,A,A,A,A,A,A,A,A,A,A,A,A,A,A,B,A,A,A,A,A,A,A,A,A,A,A,A,A,A,A,A,A,A,A,A,A,A,A,A,A,A,A,A,A,A,A,A,A,A,A,A,A,A,A,A,D,B,B,B,D,B,B,C,B,B,C,A,A,A,B,H,C,B,D,E,C,A,P,F,J,A,B,F,F,I,G,B,BI,BS,A,AY,BM,A,L,GS,0.475784,0.488789,0.397983,0.383428,0.696981,0.331919,0.345585,0.36083,0.39849,0.39599,0.415029,0.40609,0.363547,0.544993
A,A,A,A,B,A,A,A,A,A,A,A,A,A,A,A,A,A,A,A,A,A,A,A,A,A,A,A,A,A,A,A,A,A,A,B,A,A,A,A,B,A,A,A,A,A,A,A,A,A,A,A,A,A,A,A,A,A,A,A,A,A,A,A,A,A,A,A,A,A,A,B,A,A,A,A,D,B,B,D,D,B,A,C,B,B,B,A,A,A,A,A,D,B,D,D,A,A,P,I,A,A,C,F,D,G,E,B,AB,AI,A,R,X,A,J,GT,0.596331,0.15999,0.174588,0.89851,0.651246,0.398862,0.324264,0.53642,0.427,0.52221,0.26014,0.270746,0.287682,0.438179
B,A,A,A,B,A,A,A,A,A,A,A,A,A,A,A,A,A,A,A,A,A,A,A,A,A,A,A,A,A,A,A,A,A,A,A,A,B,A,A,A,A,A,B,A,A,A,A,A,A,A,A,A,A,A,A,A,A,A,A,A,A,A,A,A,A,A,A,A,A,A,A,B,A,A,A,D,B,B,D,D,B,D,C,B,B,B,A,A,A,A,A,D,D,D,E,C,A,P,I,A,A,C,F,G,F,E,B,BI,W,A,H,A,A,I,HB,0.523592,0.299102,0.762059,0.208655,0.405415,0.438337,0.578223,0.26847,0.41879,0.39068,0.678924,0.665644,0.226765,0.288282
